{
  "metadata": {
    "bank_name": "Bangladesh Krishi Bank",
    "office": "Feni Regional Office",
    "week_no": "27th",
    "date": "31.12.2025"
  },
  "summary": {
    "total_deposits_target": 13120.00,
    "total_deposits_collected": 3601.66,
    "deposits_achievement_rate": "27%",
    "total_loans_target": 30000.00,
    "total_loans_disbursed": 11535.04,
    "loans_achievement_rate": "38%",
    "total_loans_recovery_target": 20164.10,
    "total_loans_recovered": 10833.15,
    "recovery_achievement_rate": "54%"
  },
  "branches": [
    {
      "id": 1,
      "name": "Feni",
      "deposits_target": 6977.88,
      "deposits_collected": 1331.00,
      "deposits_rate": "19%",
      "loans_target": 7424.39,
      "loans_disbursed": 9600.00,
      "loans_rate": "129%",
      "recovery_target": 2958.00,
      "recovery_collected": 728.31,
      "recovery_rate": "25%"
    },
    {
      "id": 2,
      "name": "Gowenupur",
      "deposits_target": 2056.53,
      "deposits_collected": 503.00,
      "deposits_rate": "24%",
      "loans_target": 2119.45,
      "loans_disbursed": 3000.00,
      "loans_rate": "142%",
      "recovery_target": 1301.00,
      "recovery_collected": 504.70,
      "recovery_rate": "39%"
    },
    {
      "id": 3,
      "name": "Dakshin Chari",
      "deposits_target": 2426.06,
      "deposits_collected": 567.00,
      "deposits_rate": "23%",
      "loans_target": 2490.01,
      "loans_disbursed": 3400.00,
      "loans_rate": "136%",
      "recovery_target": 1613.00,
      "recovery_collected": 802.38,
      "recovery_rate": "50%"
    },
    {
      "id": 4,
      "name": "Muktiarpur",
      "deposits_target": 6135.21,
      "deposits_collected": 1178.00,
      "deposits_rate": "19%",
      "loans_target": 6884.91,
      "loans_disbursed": 8400.00,
      "loans_rate": "122%",
      "recovery_target": 2536.00,
      "recovery_collected": 628.04,
      "recovery_rate": "25%"
    },
    {
      "id": 5,
      "name": "Chagalbaria",
      "deposits_target": 2324.10,
      "deposits_collected": 637.00,
      "deposits_rate": "27%",
      "loans_target": 2399.59,
      "loans_disbursed": 3250.00,
      "loans_rate": "135%",
      "recovery_target": 2411.00,
      "recovery_collected": 662.10,
      "recovery_rate": "27%"
    },
    {
      "id": 6,
      "name": "Chhagalpur",
      "deposits_target": 945.07,
      "deposits_collected": 403.00,
      "deposits_rate": "43%",
      "loans_target": 1059.03,
      "loans_disbursed": 1325.00,
      "loans_rate": "125%",
      "recovery_target": 974.00,
      "recovery_collected": 361.03,
      "recovery_rate": "37%"
    },
    {
      "id": 7,
      "name": "Shahpur",
      "deposits_target": 1809.64,
      "deposits_collected": 491.00,
      "deposits_rate": "27%",
      "loans_target": 1808.21,
      "loans_disbursed": 2505.00,
      "loans_rate": "139%",
      "recovery_target": 1162.00,
      "recovery_collected": 363.07,
      "recovery_rate": "31%"
    },
    {
      "id": 8,
      "name": "Sombhuganj",
      "deposits_target": 2912.24,
      "deposits_collected": 835.00,
      "deposits_rate": "29%",
      "loans_target": 2896.51,
      "loans_disbursed": 4075.00,
      "loans_rate": "141%",
      "recovery_target": 2384.00,
      "recovery_collected": 1118.75,
      "recovery_rate": "47%"
    },
    {
      "id": 9,
      "name": "Kutubinagar",
      "deposits_target": 2969.55,
      "deposits_collected": 836.00,
      "deposits_rate": "28%",
      "loans_target": 3328.74,
      "loans_disbursed": 4160.00,
      "loans_rate": "125%",
      "recovery_target": 1320.00,
      "recovery_collected": 610.01,
      "recovery_rate": "46%"
    },
    {
      "id": 10,
      "name": "Bashganj",
      "deposits_target": 3204.24,
      "deposits_collected": 961.00,
      "deposits_rate": "30%",
      "loans_target": 3289.70,
      "loans_disbursed": 4485.00,
      "loans_rate": "136%",
      "recovery_target": 1969.00,
      "recovery_collected": 493.60,
      "recovery_rate": "25%"
    },
    {
      "id": 11,
      "name": "Rajshahi",
      "deposits_target": 2078.17,
      "deposits_collected": 585.00,
      "deposits_rate": "28%",
      "loans_target": 2297.39,
      "loans_disbursed": 3000.00,
      "loans_rate": "131%",
      "recovery_target": 1679.00,
      "recovery_collected": 670.03,
      "recovery_rate": "40%"
    },
    {
      "id": 12,
      "name": "Narayanganj",
      "deposits_target": 2032.17,
      "deposits_collected": 573.00,
      "deposits_rate": "28%",
      "loans_target": 2115.71,
      "loans_disbursed": 2900.00,
      "loans_rate": "137%",
      "recovery_target": 1254.00,
      "recovery_collected": 505.00,
      "recovery_rate": "40%"
    },
    {
      "id": 13,
      "name": "Kishoreganj",
      "deposits_target": 1704.30,
      "deposits_collected": 448.00,
      "deposits_rate": "26%",
      "loans_target": 1937.05,
      "loans_disbursed": 2500.00,
      "loans_rate": "129%",
      "recovery_target": 1332.00,
      "recovery_collected": 707.79,
      "recovery_rate": "53%"
    },
    {
      "id": 14,
      "name": "Pirganj",
      "deposits_target": 4602.29,
      "deposits_collected": 1086.00,
      "deposits_rate": "24%",
      "loans_target": 4634.47,
      "loans_disbursed": 6500.00,
      "loans_rate": "140%",
      "recovery_target": 2019.00,
      "recovery_collected": 871.13,
      "recovery_rate": "43%"
    },
    {
      "id": 15,
      "name": "Raipur Bazaar",
      "deposits_target": 2227.33,
      "deposits_collected": 573.00,
      "deposits_rate": "26%",
      "loans_target": 2577.22,
      "loans_disbursed": 3100.00,
      "loans_rate": "120%",
      "recovery_target": 948.00,
      "recovery_collected": 453.37,
      "recovery_rate": "48%"
    },
    {
      "id": 16,
      "name": "Dulpur",
      "deposits_target": 2621.83,
      "deposits_collected": 536.00,
      "deposits_rate": "20%",
      "loans_target": 2730.86,
      "loans_disbursed": 3700.00,
      "loans_rate": "135%",
      "recovery_target": 1572.00,
      "recovery_collected": 792.80,
      "recovery_rate": "50%"
    },
    {
      "id": 17,
      "name": "Sherpur",
      "deposits_target": 2170.77,
      "deposits_collected": 582.00,
      "deposits_rate": "27%",
      "loans_target": 2503.59,
      "loans_disbursed": 3100.00,
      "loans_rate": "124%",
      "recovery_target": 1010.00,
      "recovery_collected": 491.11,
      "recovery_rate": "49%"
    },
    {
      "id": 18,
      "name": "Singpur",
      "deposits_target": 4279.99,
      "deposits_collected": 995.00,
      "deposits_rate": "23%",
      "loans_target": 4582.21,
      "loans_disbursed": 6000.00,
      "loans_rate": "131%",
      "recovery_target": 1558.00,
      "recovery_collected": 771.82,
      "recovery_rate": "50%"
    }
  ]
}
